year,month,month_label,total_sales
2022.0,1.0,Jan 2022,5536.39
2022.0,2.0,Feb 2022,7451.5
2022.0,3.0,Mar 2022,7062.15
2022.0,4.0,Apr 2022,7339.15
2022.0,5.0,May 2022,8885.0
2022.0,6.0,Jun 2022,7019.56
2022.0,7.0,Jul 2022,8754.44
2022.0,8.0,Aug 2022,6881.1
